{"stats":{"minecraft:custom":{"minecraft:open_chest":1,"minecraft:time_since_rest":8114,"minecraft:crouch_one_cm":1495,"minecraft:sprint_one_cm":13670,"minecraft:play_time":8114,"minecraft:damage_taken":10,"minecraft:walk_one_cm":21869,"minecraft:sneak_time":539,"minecraft:mob_kills":3,"minecraft:jump":74,"minecraft:walk_on_water_one_cm":287,"minecraft:leave_game":1,"minecraft:time_since_death":8114,"minecraft:climb_one_cm":48,"minecraft:total_world_time":8114,"minecraft:fall_one_cm":544,"minecraft:fly_one_cm":29007},"minecraft:picked_up":{"minecraft:wheat_seeds":1,"minecraft:porkchop":7,"minecraft:sand":1,"minecraft:spruce_log":4,"minecraft:dirt":16},"minecraft:crafted":{"minecraft:spruce_planks":8},"minecraft:mined":{"minecraft:grass_block":16,"minecraft:sand":1,"minecraft:spruce_leaves":1,"minecraft:spruce_log":4},"minecraft:used":{"minecraft:dirt":10,"minecraft:pig_spawn_egg":3,"minecraft:ice":2,"minecraft:spruce_planks":6},"minecraft:killed":{"minecraft:pig":3}},"DataVersion":3465}