{"stats":{"minecraft:custom":{"minecraft:open_chest":2,"minecraft:time_since_rest":20114,"minecraft:crouch_one_cm":1495,"minecraft:sprint_one_cm":22159,"minecraft:play_time":20114,"minecraft:damage_taken":20,"minecraft:walk_one_cm":41603,"minecraft:sneak_time":615,"minecraft:mob_kills":4,"minecraft:jump":125,"minecraft:damage_dealt":18,"minecraft:walk_on_water_one_cm":287,"minecraft:leave_game":1,"minecraft:time_since_death":20114,"minecraft:climb_one_cm":48,"minecraft:total_world_time":20114,"minecraft:fall_one_cm":941,"minecraft:fly_one_cm":74296},"minecraft:picked_up":{"minecraft:salmon":1,"minecraft:wheat_seeds":1,"minecraft:porkchop":9,"minecraft:sand":1,"minecraft:ink_sac":6,"minecraft:spruce_log":4,"minecraft:dirt":16},"minecraft:crafted":{"minecraft:spruce_planks":8},"minecraft:mined":{"minecraft:grass":1,"minecraft:grass_block":16,"minecraft:sand":1,"minecraft:spruce_leaves":1,"minecraft:spruce_log":4},"minecraft:used":{"minecraft:stone_sword":1,"minecraft:dirt":10,"minecraft:grass_block":1,"minecraft:pig_spawn_egg":8,"minecraft:ice":2,"minecraft:spruce_planks":6},"minecraft:killed":{"minecraft:pig":4}},"DataVersion":3465}