{"stats":{"minecraft:used":{"minecraft:iron_shovel":268,"minecraft:poppy":1,"minecraft:shield":112,"minecraft:chest":5,"minecraft:iron_sword":123,"minecraft:rotten_flesh":8,"minecraft:iron_chestplate":3,"minecraft:tuff":5,"minecraft:lava_bucket":11,"minecraft:birch_sapling":16,"minecraft:iron_helmet":1,"minecraft:bow":2,"minecraft:oak_sapling":54,"minecraft:furnace":4,"minecraft:cooked_cod":5,"minecraft:egg":5,"minecraft:potato":39,"minecraft:golden_boots":2,"minecraft:diorite":1,"minecraft:stone_pickaxe":144,"minecraft:oak_planks":267,"minecraft:wooden_pickaxe":22,"minecraft:sugar_cane":47,"minecraft:glow_berries":13,"minecraft:sand":56,"minecraft:blast_furnace":3,"minecraft:crying_obsidian":1,"minecraft:melon_slice":19,"minecraft:bread":1,"minecraft:deepslate":13,"minecraft:gravel":14,"minecraft:diamond_sword":7,"minecraft:andesite":1,"minecraft:oak_boat":7,"minecraft:bone_meal":5,"minecraft:oak_trapdoor":69,"minecraft:flint_and_steel":1,"minecraft:cooked_chicken":7,"minecraft:netherrack":7,"minecraft:torch":352,"minecraft:dirt":53,"minecraft:granite":4,"minecraft:oak_fence_gate":1,"minecraft:iron_hoe":4,"minecraft:iron_block":3,"minecraft:iron_axe":813,"minecraft:melon_seeds":2,"minecraft:bamboo":2,"minecraft:cooked_beef":12,"minecraft:cobbled_deepslate":105,"minecraft:iron_leggings":2,"minecraft:wheat_seeds":15,"minecraft:cooked_mutton":29,"minecraft:water_bucket":71,"minecraft:birch_planks":84,"minecraft:baked_potato":10,"minecraft:fletching_table":4,"minecraft:stonecutter":1,"minecraft:cobblestone_slab":1,"minecraft:crafting_table":16,"minecraft:white_bed":3,"minecraft:smoker":7,"minecraft:deepslate_tile_wall":23,"minecraft:diamond_pickaxe":35,"minecraft:apple":4,"minecraft:iron_pickaxe":960,"minecraft:stone_axe":90,"minecraft:cobblestone":47,"minecraft:cobbled_deepslate_slab":34,"minecraft:cooked_porkchop":9,"minecraft:bucket":85,"minecraft:yellow_bed":1},"minecraft:killed_by":{"minecraft:creeper":2,"minecraft:magma_cube":2,"minecraft:cave_spider":1,"minecraft:zombie":6,"minecraft:player":2,"minecraft:skeleton":6},"minecraft:mined":{"minecraft:white_bed":1,"minecraft:oak_sapling":3,"minecraft:farmland":2,"minecraft:obsidian":10,"minecraft:granite":4,"minecraft:deepslate_tile_wall":2,"minecraft:grass_block":147,"minecraft:oxeye_daisy":2,"minecraft:spawner":1,"minecraft:glowstone":7,"minecraft:cobbled_deepslate":5,"minecraft:iron_ore":232,"minecraft:fire":9,"minecraft:fletching_table":2,"minecraft:deepslate_lapis_ore":20,"minecraft:pointed_dripstone":4,"minecraft:dirt_path":4,"minecraft:deepslate_redstone_ore":7,"minecraft:smoker":6,"minecraft:soul_fire":1,"minecraft:torch":2,"minecraft:blast_furnace":1,"minecraft:poppy":1,"minecraft:melon":3,"minecraft:nether_quartz_ore":59,"minecraft:cobblestone":12,"minecraft:sugar_cane":127,"minecraft:oak_planks":4,"minecraft:wall_torch":3,"minecraft:birch_log":232,"minecraft:wheat":5,"minecraft:oak_log":409,"minecraft:sand":74,"minecraft:dirt":8,"minecraft:netherrack":27,"minecraft:oak_leaves":73,"minecraft:deepslate":143,"minecraft:nether_gold_ore":21,"minecraft:tuff":18,"minecraft:deepslate_diamond_ore":21,"minecraft:cobbled_deepslate_slab":2,"minecraft:hay_block":10,"minecraft:redstone_ore":1,"minecraft:oak_trapdoor":13,"minecraft:furnace":4,"minecraft:andesite":11,"minecraft:gold_block":1,"minecraft:potatoes":26,"minecraft:deepslate_iron_ore":55,"minecraft:rail":34,"minecraft:stone":180,"minecraft:bone_block":3,"minecraft:basalt":2,"minecraft:dandelion":9,"minecraft:crafting_table":9,"minecraft:short_grass":25,"minecraft:emerald_ore":2,"minecraft:copper_ore":13,"minecraft:tall_grass":2,"minecraft:lapis_ore":17,"minecraft:deepslate_gold_ore":32,"minecraft:diorite":4,"minecraft:birch_planks":2,"minecraft:birch_leaves":3,"minecraft:yellow_bed":1,"minecraft:coal_ore":159,"minecraft:gravel":54,"minecraft:cobweb":6,"minecraft:gold_ore":13},"minecraft:picked_up":{"minecraft:iron_chestplate":2,"minecraft:wheat":5,"minecraft:lead":9,"minecraft:string":11,"minecraft:raw_copper":44,"minecraft:gold_nugget":77,"minecraft:cobbled_deepslate":165,"minecraft:cobblestone_slab":1,"minecraft:iron_pickaxe":2,"minecraft:deepslate_tile_wall":2,"minecraft:melon_slice":14,"minecraft:furnace":4,"minecraft:stick":39,"minecraft:torch":9,"minecraft:porkchop":11,"minecraft:pointed_dripstone":9,"minecraft:diorite":5,"minecraft:rotten_flesh":67,"minecraft:obsidian":10,"minecraft:cobblestone":194,"minecraft:birch_log":231,"minecraft:feather":13,"minecraft:andesite":15,"minecraft:brown_wool":1,"minecraft:smoker":6,"minecraft:potato":63,"minecraft:flint":7,"minecraft:tuff":20,"minecraft:dirt":255,"minecraft:lapis_lazuli":235,"minecraft:bone":30,"minecraft:bow":2,"minecraft:wheat_seeds":23,"minecraft:cobbled_deepslate_slab":1,"minecraft:raw_gold":45,"minecraft:bamboo":15,"minecraft:fletching_table":2,"minecraft:glowstone_dust":36,"minecraft:oak_planks":104,"minecraft:sand":74,"minecraft:spectral_arrow":17,"minecraft:diamond":21,"minecraft:granite":6,"minecraft:emerald":2,"minecraft:oak_sapling":57,"minecraft:netherrack":18,"minecraft:diamond_pickaxe":2,"minecraft:charcoal":1,"minecraft:crafting_table":9,"minecraft:chicken":4,"minecraft:chest_minecart":1,"minecraft:wooden_pickaxe":1,"minecraft:gold_block":1,"minecraft:shield":2,"minecraft:cornflower":1,"minecraft:oak_trapdoor":13,"minecraft:iron_axe":2,"minecraft:beef":6,"minecraft:oak_boat":6,"minecraft:poppy":1,"minecraft:sugar_cane":191,"minecraft:birch_sapling":17,"minecraft:egg":3,"minecraft:raw_iron":302,"minecraft:fire_charge":1,"minecraft:redstone":135,"minecraft:arrow":26,"minecraft:hay_block":10,"minecraft:gold_ingot":27,"minecraft:mutton":22,"minecraft:bone_block":4,"minecraft:white_wool":15,"minecraft:rail":35,"minecraft:oxeye_daisy":3,"minecraft:basalt":2,"minecraft:glow_ink_sac":8,"minecraft:salmon":7,"minecraft:leather":11,"minecraft:birch_planks":81,"minecraft:oak_log":409,"minecraft:golden_boots":2,"minecraft:yellow_bed":1,"minecraft:gunpowder":2,"minecraft:apple":7,"minecraft:iron_ingot":13,"minecraft:iron_sword":2,"minecraft:smooth_basalt":3,"minecraft:quartz":86,"minecraft:dandelion":13,"minecraft:dripstone_block":1,"minecraft:gravel":71,"minecraft:blast_furnace":1,"minecraft:crying_obsidian":1,"minecraft:spider_eye":4,"minecraft:slime_ball":5,"minecraft:baked_potato":21,"minecraft:black_wool":2,"minecraft:coal":196},"minecraft:crafted":{"minecraft:smooth_stone":6,"minecraft:oak_planks":1636,"minecraft:cooked_chicken":7,"minecraft:stone":9,"minecraft:cooked_mutton":30,"minecraft:iron_boots":1,"minecraft:chest":5,"minecraft:golden_boots":3,"minecraft:smoker":1,"minecraft:emerald":90,"minecraft:cooked_porkchop":10,"minecraft:crafting_table":8,"minecraft:wooden_pickaxe":2,"minecraft:baked_potato":22,"minecraft:iron_helmet":2,"minecraft:copper_ingot":4,"minecraft:fletching_table":2,"minecraft:birch_planks":908,"minecraft:iron_chestplate":3,"minecraft:shield":5,"minecraft:stick":3316,"minecraft:iron_ingot":176,"minecraft:iron_pickaxe":6,"minecraft:iron_block":3,"minecraft:gold_ingot":23,"minecraft:cobbled_deepslate_slab":126,"minecraft:furnace":4,"minecraft:blast_furnace":2,"minecraft:bone_meal":9,"minecraft:oak_trapdoor":76,"minecraft:flint_and_steel":1,"minecraft:iron_axe":5,"minecraft:iron_hoe":1,"minecraft:stone_pickaxe":2,"minecraft:wheat":90,"minecraft:cooked_beef":15,"minecraft:cooked_cod":5,"minecraft:diamond_sword":1,"minecraft:iron_sword":1,"minecraft:cooked_salmon":4,"minecraft:bucket":5,"minecraft:stone_axe":1,"minecraft:bread":30,"minecraft:air":0,"minecraft:oak_fence_gate":1,"minecraft:oak_boat":2,"minecraft:white_wool":2,"minecraft:flint":40,"minecraft:iron_shovel":2,"minecraft:iron_leggings":3,"minecraft:stonecutter":1,"minecraft:white_bed":3,"minecraft:torch":376,"minecraft:diamond_chestplate":1},"minecraft:custom":{"minecraft:animals_bred":5,"minecraft:interact_with_crafting_table":95,"minecraft:leave_game":9,"minecraft:time_since_death":21401,"minecraft:sprint_one_cm":1122838,"minecraft:damage_blocked_by_shield":8946,"minecraft:drop":45,"minecraft:talked_to_villager":44,"minecraft:play_time":402214,"minecraft:deaths":26,"minecraft:jump":7208,"minecraft:walk_on_water_one_cm":60428,"minecraft:enchant_item":5,"minecraft:interact_with_furnace":64,"minecraft:traded_with_villager":94,"minecraft:sleep_in_bed":13,"minecraft:damage_dealt":20227,"minecraft:player_kills":1,"minecraft:crouch_one_cm":113039,"minecraft:interact_with_smoker":63,"minecraft:use_cauldron":2,"minecraft:interact_with_anvil":1,"minecraft:mob_kills":164,"minecraft:climb_one_cm":9531,"minecraft:walk_one_cm":787333,"minecraft:sneak_time":39050,"minecraft:walk_under_water_one_cm":21204,"minecraft:boat_one_cm":205415,"minecraft:interact_with_blast_furnace":89,"minecraft:total_world_time":402214,"minecraft:interact_with_stonecutter":1,"minecraft:time_since_rest":20661,"minecraft:damage_taken":11878,"minecraft:swim_one_cm":52664,"minecraft:fly_one_cm":1227639,"minecraft:open_chest":169,"minecraft:fall_one_cm":210789},"minecraft:broken":{"minecraft:iron_shovel":1,"minecraft:golden_boots":1,"minecraft:bow":1,"minecraft:shield":2,"minecraft:iron_axe":3,"minecraft:iron_pickaxe":3,"minecraft:iron_helmet":1},"minecraft:killed":{"minecraft:spider":6,"minecraft:skeleton":18,"minecraft:chicken":3,"minecraft:magma_cube":6,"minecraft:pig":6,"minecraft:salmon":7,"minecraft:creeper":2,"minecraft:sheep":15,"minecraft:pillager":3,"minecraft:zombie":49,"minecraft:cow":4,"minecraft:slime":9,"minecraft:drowned":2},"minecraft:dropped":{"minecraft:birch_planks":7,"minecraft:baked_potato":21,"minecraft:leather":3,"minecraft:chest_minecart":1,"minecraft:dirt":18,"minecraft:iron_pickaxe":1,"minecraft:white_wool":4,"minecraft:gold_ingot":9,"minecraft:gravel":2,"minecraft:stone_axe":1,"minecraft:cobbled_deepslate":64,"minecraft:birch_sapling":1,"minecraft:oak_planks":87,"minecraft:cooked_mutton":1,"minecraft:water_bucket":1,"minecraft:iron_ingot":4,"minecraft:bread":30,"minecraft:wheat_seeds":3,"minecraft:coal":4,"minecraft:stick":1,"minecraft:brown_wool":1,"minecraft:cooked_salmon":2,"minecraft:oak_sign":2,"minecraft:cobblestone_slab":1,"minecraft:diamond_pickaxe":1,"minecraft:andesite":2,"minecraft:spider_eye":2,"minecraft:stone_pickaxe":1,"minecraft:wooden_pickaxe":2}},"DataVersion":3955}