{"stats":{"minecraft:used":{"minecraft:poppy":1,"minecraft:chest":8,"minecraft:shield":50,"minecraft:rotten_flesh":13,"minecraft:soul_sand":2,"minecraft:tuff":2,"minecraft:lava_bucket":10,"minecraft:birch_sapling":1,"minecraft:birch_trapdoor":1,"minecraft:magma_block":3,"minecraft:bow":27,"minecraft:oak_sapling":7,"minecraft:furnace":9,"minecraft:potato":1,"minecraft:stone_pickaxe":270,"minecraft:oak_planks":32,"minecraft:blackstone":1,"minecraft:ender_pearl":1,"minecraft:wooden_pickaxe":2,"minecraft:composter":2,"minecraft:diamond_axe":376,"minecraft:sugar_cane":21,"minecraft:sand":1,"minecraft:blast_furnace":5,"minecraft:dripstone_block":3,"minecraft:diamond_sword":245,"minecraft:oak_boat":10,"minecraft:bone_meal":19,"minecraft:oak_trapdoor":1,"minecraft:oak_fence":10,"minecraft:enchanting_table":2,"minecraft:flint_and_steel":2,"minecraft:stone_shovel":11,"minecraft:cooked_salmon":43,"minecraft:stone_hoe":2,"minecraft:netherrack":286,"minecraft:torch":130,"minecraft:dirt":17,"minecraft:anvil":1,"minecraft:oak_fence_gate":1,"minecraft:bookshelf":11,"minecraft:iron_axe":292,"minecraft:bamboo":33,"minecraft:basalt":11,"minecraft:cooked_beef":6,"minecraft:cobbled_deepslate":394,"minecraft:wheat_seeds":429,"minecraft:cooked_mutton":1,"minecraft:water_bucket":48,"minecraft:birch_planks":3,"minecraft:lead":1,"minecraft:baked_potato":63,"minecraft:cartography_table":1,"minecraft:cauldron":4,"minecraft:crafting_table":20,"minecraft:white_bed":5,"minecraft:smoker":3,"minecraft:diamond_pickaxe":1449,"minecraft:diamond_shovel":161,"minecraft:iron_pickaxe":500,"minecraft:stone_axe":128,"minecraft:cobblestone":64,"minecraft:bucket":59,"minecraft:yellow_bed":7,"minecraft:dandelion":1},"minecraft:killed_by":{"minecraft:creeper":1,"minecraft:player":1,"minecraft:spider":1,"minecraft:enderman":1,"minecraft:skeleton":4},"minecraft:mined":{"minecraft:white_bed":3,"minecraft:oak_sapling":1,"minecraft:grass_block":35,"minecraft:oak_pressure_plate":3,"minecraft:soul_soil":48,"minecraft:magma_block":3,"minecraft:cobbled_deepslate":11,"minecraft:iron_ore":16,"minecraft:fire":4,"minecraft:deepslate_lapis_ore":2,"minecraft:enchanting_table":2,"minecraft:pointed_dripstone":5,"minecraft:dirt_path":6,"minecraft:oak_stairs":2,"minecraft:iron_block":3,"minecraft:deepslate_redstone_ore":4,"minecraft:blackstone":1,"minecraft:smoker":2,"minecraft:crimson_nylium":5,"minecraft:torch":7,"minecraft:blast_furnace":3,"minecraft:chest":2,"minecraft:nether_quartz_ore":1,"minecraft:cobblestone":2,"minecraft:sugar_cane":248,"minecraft:wall_torch":20,"minecraft:cauldron":4,"minecraft:seagrass":2,"minecraft:birch_log":155,"minecraft:wheat":313,"minecraft:birch_trapdoor":1,"minecraft:oak_log":505,"minecraft:sand":57,"minecraft:dirt":6,"minecraft:netherrack":332,"minecraft:oak_leaves":38,"minecraft:deepslate":1423,"minecraft:nether_gold_ore":8,"minecraft:tuff":47,"minecraft:deepslate_diamond_ore":32,"minecraft:cartography_table":1,"minecraft:furnace":2,"minecraft:andesite":3,"minecraft:bookshelf":2,"minecraft:potatoes":1,"minecraft:deepslate_iron_ore":8,"minecraft:stripped_oak_log":1,"minecraft:bamboo":18,"minecraft:stone":223,"minecraft:soul_sand":18,"minecraft:basalt":20,"minecraft:dandelion":1,"minecraft:oak_fence":7,"minecraft:crafting_table":8,"minecraft:short_grass":26,"minecraft:rose_bush":1,"minecraft:tall_grass":4,"minecraft:copper_ore":3,"minecraft:deepslate_gold_ore":16,"minecraft:diorite":3,"minecraft:birch_leaves":8,"minecraft:yellow_bed":6,"minecraft:coal_ore":24,"minecraft:gravel":13,"minecraft:cobweb":1,"minecraft:birch_fence":2},"minecraft:picked_up":{"minecraft:wooden_axe":2,"minecraft:iron_chestplate":2,"minecraft:wheat":246,"minecraft:lead":9,"minecraft:diamond_sword":1,"minecraft:oak_stairs":2,"minecraft:enchanted_book":2,"minecraft:string":27,"minecraft:soul_soil":41,"minecraft:raw_copper":14,"minecraft:cooked_salmon":5,"minecraft:activator_rail":3,"minecraft:gold_nugget":32,"minecraft:cobbled_deepslate":1402,"minecraft:bucket":2,"minecraft:rose_bush":2,"minecraft:cobblestone_slab":16,"minecraft:iron_pickaxe":1,"minecraft:melon_slice":6,"minecraft:furnace":7,"minecraft:stick":61,"minecraft:birch_trapdoor":1,"minecraft:oak_fence":11,"minecraft:torch":30,"minecraft:porkchop":24,"minecraft:pointed_dripstone":12,"minecraft:diorite":3,"minecraft:cauldron":6,"minecraft:rotten_flesh":49,"minecraft:iron_block":3,"minecraft:obsidian":1,"minecraft:cobblestone":240,"minecraft:enchanting_table":2,"minecraft:birch_log":160,"minecraft:magma_block":3,"minecraft:feather":9,"minecraft:water_bucket":1,"minecraft:andesite":3,"minecraft:smoker":3,"minecraft:potato":1,"minecraft:flint":5,"minecraft:tuff":38,"minecraft:dirt":67,"minecraft:lapis_lazuli":306,"minecraft:glass":14,"minecraft:bone":8,"minecraft:bow":1,"minecraft:wheat_seeds":744,"minecraft:raw_gold":16,"minecraft:cobbled_deepslate_slab":31,"minecraft:fletching_table":4,"minecraft:bamboo":213,"minecraft:glowstone_dust":17,"minecraft:powered_rail":4,"minecraft:oak_planks":92,"minecraft:stone_hoe":1,"minecraft:oak_pressure_plate":4,"minecraft:sand":56,"minecraft:grass_block":1,"minecraft:spectral_arrow":17,"minecraft:iron_hoe":1,"minecraft:diamond":32,"minecraft:granite":2,"minecraft:bone_meal":3,"minecraft:golden_apple":2,"minecraft:emerald":16,"minecraft:oak_sapling":34,"minecraft:netherrack":313,"minecraft:diamond_pickaxe":2,"minecraft:crafting_table":11,"minecraft:chicken":2,"minecraft:shield":3,"minecraft:cornflower":1,"minecraft:flint_and_steel":1,"minecraft:oak_trapdoor":1,"minecraft:wooden_sword":1,"minecraft:iron_axe":1,"minecraft:iron_shovel":2,"minecraft:birch_fence":2,"minecraft:blackstone":1,"minecraft:cartography_table":1,"minecraft:detector_rail":4,"minecraft:beef":47,"minecraft:oak_boat":8,"minecraft:poppy":3,"minecraft:sugar_cane":289,"minecraft:chest":2,"minecraft:birch_sapling":5,"minecraft:egg":9,"minecraft:raw_iron":30,"minecraft:fire_charge":1,"minecraft:redstone":25,"minecraft:arrow":30,"minecraft:diamond_chestplate":1,"minecraft:beetroot_seeds":4,"minecraft:gold_ingot":12,"minecraft:mutton":12,"minecraft:white_wool":134,"minecraft:rail":64,"minecraft:oxeye_daisy":3,"minecraft:basalt":17,"minecraft:glow_ink_sac":8,"minecraft:salmon":36,"minecraft:leather":21,"minecraft:birch_planks":25,"minecraft:oak_log":503,"minecraft:yellow_bed":7,"minecraft:gunpowder":6,"minecraft:paper":24,"minecraft:cooked_mutton":1,"minecraft:apple":13,"minecraft:iron_ingot":6,"minecraft:stone_pickaxe":4,"minecraft:iron_sword":2,"minecraft:soul_sand":17,"minecraft:book":6,"minecraft:oak_slab":12,"minecraft:smooth_basalt":6,"minecraft:quartz":15,"minecraft:dandelion":24,"minecraft:dripstone_block":3,"minecraft:gravel":14,"minecraft:blast_furnace":5,"minecraft:white_bed":4,"minecraft:spider_eye":4,"minecraft:leather_helmet":1,"minecraft:slime_ball":4,"minecraft:coal":76,"minecraft:ender_pearl":1},"minecraft:crafted":{"minecraft:oak_planks":2012,"minecraft:diamond_shovel":1,"minecraft:bookshelf":11,"minecraft:diamond_helmet":1,"minecraft:diamond_leggings":1,"minecraft:bow":1,"minecraft:chest":8,"minecraft:stone_hoe":1,"minecraft:oak_fence":9,"minecraft:golden_boots":1,"minecraft:emerald":123,"minecraft:cooked_porkchop":3,"minecraft:diamond_axe":1,"minecraft:crafting_table":10,"minecraft:wooden_pickaxe":1,"minecraft:baked_potato":79,"minecraft:iron_helmet":1,"minecraft:birch_planks":660,"minecraft:iron_chestplate":1,"minecraft:book":24,"minecraft:paper":249,"minecraft:diamond_pickaxe":2,"minecraft:shield":1,"minecraft:stick":4548,"minecraft:iron_ingot":82,"minecraft:iron_pickaxe":1,"minecraft:gold_ingot":5,"minecraft:shears":1,"minecraft:stone_shovel":1,"minecraft:bone_meal":18,"minecraft:flint_and_steel":1,"minecraft:iron_axe":2,"minecraft:stone_pickaxe":3,"minecraft:diamond_boots":1,"minecraft:lead":2,"minecraft:cooked_beef":12,"minecraft:diamond_sword":1,"minecraft:cooked_salmon":38,"minecraft:stone_axe":1,"minecraft:enchanted_book":3,"minecraft:air":0,"minecraft:oak_fence_gate":1,"minecraft:oak_boat":6,"minecraft:iron_leggings":1,"minecraft:anvil":1,"minecraft:white_bed":1,"minecraft:torch":104,"minecraft:diamond_chestplate":1},"minecraft:custom":{"minecraft:animals_bred":72,"minecraft:interact_with_crafting_table":84,"minecraft:bell_ring":3,"minecraft:leave_game":10,"minecraft:time_since_death":41534,"minecraft:sprint_one_cm":1170003,"minecraft:damage_blocked_by_shield":3296,"minecraft:drop":167,"minecraft:talked_to_villager":77,"minecraft:play_time":493564,"minecraft:deaths":13,"minecraft:jump":9191,"minecraft:walk_on_water_one_cm":55073,"minecraft:enchant_item":8,"minecraft:interact_with_furnace":70,"minecraft:traded_with_villager":138,"minecraft:interact_with_cartography_table":1,"minecraft:sleep_in_bed":25,"minecraft:damage_dealt":14712,"minecraft:player_kills":11,"minecraft:crouch_one_cm":30123,"minecraft:interact_with_smoker":62,"minecraft:use_cauldron":1,"minecraft:mob_kills":126,"minecraft:interact_with_anvil":7,"minecraft:climb_one_cm":44296,"minecraft:walk_one_cm":1236123,"minecraft:sneak_time":9216,"minecraft:walk_under_water_one_cm":31191,"minecraft:boat_one_cm":276852,"minecraft:interact_with_blast_furnace":35,"minecraft:total_world_time":493564,"minecraft:interact_with_stonecutter":1,"minecraft:interact_with_grindstone":2,"minecraft:time_since_rest":17066,"minecraft:damage_taken":8773,"minecraft:swim_one_cm":106822,"minecraft:fly_one_cm":1441725,"minecraft:open_chest":197,"minecraft:fall_one_cm":236755},"minecraft:broken":{"minecraft:stone_pickaxe":1,"minecraft:stone_axe":1,"minecraft:shield":1,"minecraft:iron_axe":1,"minecraft:iron_pickaxe":2,"minecraft:iron_helmet":1},"minecraft:killed":{"minecraft:cave_spider":1,"minecraft:spider":4,"minecraft:skeleton":10,"minecraft:chicken":2,"minecraft:pig":11,"minecraft:zombie_villager":1,"minecraft:salmon":38,"minecraft:iron_golem":1,"minecraft:creeper":3,"minecraft:sheep":7,"minecraft:zombie":18,"minecraft:cow":27,"minecraft:drowned":1,"minecraft:enderman":1},"minecraft:dropped":{"minecraft:iron_sword":1,"minecraft:soul_sand":15,"minecraft:birch_planks":39,"minecraft:lapis_lazuli":81,"minecraft:oak_pressure_plate":4,"minecraft:diamond":5,"minecraft:leather":4,"minecraft:rail":23,"minecraft:flint":3,"minecraft:dirt":95,"minecraft:gold_nugget":32,"minecraft:wooden_sword":1,"minecraft:white_wool":8,"minecraft:cauldron":2,"minecraft:gold_ingot":1,"minecraft:bone":5,"minecraft:gravel":7,"minecraft:sugar_cane":10,"minecraft:cobbled_deepslate":561,"minecraft:birch_sapling":2,"minecraft:obsidian":1,"minecraft:pointed_dripstone":12,"minecraft:rotten_flesh":22,"minecraft:oak_planks":242,"minecraft:poppy":1,"minecraft:gunpowder":4,"minecraft:chest":2,"minecraft:basalt":6,"minecraft:arrow":4,"minecraft:powered_rail":2,"minecraft:quartz":1,"minecraft:netherrack":27,"minecraft:egg":2,"minecraft:iron_ingot":13,"minecraft:oak_slab":6,"minecraft:wheat_seeds":4,"minecraft:feather":3,"minecraft:oak_fence":4,"minecraft:cobblestone":128,"minecraft:book":1,"minecraft:granite":1,"minecraft:stick":8,"minecraft:torch":3,"minecraft:wooden_axe":2,"minecraft:rose_bush":1,"minecraft:cooked_salmon":3,"minecraft:map":2,"minecraft:iron_leggings":1,"minecraft:oak_stairs":2,"minecraft:paper":12,"minecraft:string":19,"minecraft:bucket":2,"minecraft:smooth_basalt":3,"minecraft:dandelion":4,"minecraft:redstone":4,"minecraft:soul_soil":41,"minecraft:tuff":16,"minecraft:raw_iron":8,"minecraft:stone_shovel":1,"minecraft:chicken":4,"minecraft:cobbled_deepslate_slab":66,"minecraft:diamond_sword":1,"minecraft:cobblestone_slab":8,"minecraft:shield":1,"minecraft:iron_chestplate":3,"minecraft:diamond_pickaxe":3,"minecraft:oak_boat":1,"minecraft:oak_sapling":6,"minecraft:spider_eye":4,"minecraft:bamboo":4,"minecraft:stone_pickaxe":4}},"DataVersion":3955}