{"stats":{"minecraft:custom":{"minecraft:animals_bred":1,"minecraft:interact_with_crafting_table":116,"minecraft:leave_game":2,"minecraft:time_since_death":0,"minecraft:sprint_one_cm":1206462,"minecraft:damage_blocked_by_shield":4753,"minecraft:drop":115,"minecraft:talked_to_villager":8,"minecraft:play_time":429318,"minecraft:deaths":33,"minecraft:jump":9875,"minecraft:walk_on_water_one_cm":98845,"minecraft:enchant_item":12,"minecraft:interact_with_furnace":73,"minecraft:interact_with_cartography_table":2,"minecraft:sleep_in_bed":9,"minecraft:damage_dealt":20738,"minecraft:player_kills":17,"minecraft:crouch_one_cm":293044,"minecraft:interact_with_smoker":30,"minecraft:use_cauldron":8,"minecraft:mob_kills":96,"minecraft:inspect_hopper":1,"minecraft:climb_one_cm":47580,"minecraft:walk_one_cm":658480,"minecraft:sneak_time":81400,"minecraft:walk_under_water_one_cm":35759,"minecraft:boat_one_cm":193561,"minecraft:interact_with_blast_furnace":20,"minecraft:total_world_time":429318,"minecraft:time_since_rest":119,"minecraft:damage_taken":13939,"minecraft:minecart_one_cm":5730,"minecraft:swim_one_cm":61863,"minecraft:fly_one_cm":2216534,"minecraft:open_chest":90,"minecraft:fish_caught":14,"minecraft:fall_one_cm":281370},"minecraft:killed_by":{"minecraft:piglin_brute":1,"minecraft:creeper":1,"minecraft:zombie":2,"minecraft:player":13,"minecraft:skeleton":4},"minecraft:dropped":{"minecraft:iron_sword":2,"minecraft:birch_planks":6,"minecraft:lapis_lazuli":28,"minecraft:diamond":1,"minecraft:birch_slab":2,"minecraft:flint":1,"minecraft:dirt":90,"minecraft:birch_fence":4,"minecraft:white_wool":1,"minecraft:gold_ingot":5,"minecraft:bone":10,"minecraft:gravel":5,"minecraft:stone_axe":1,"minecraft:sugar_cane":3,"minecraft:cobbled_deepslate":362,"minecraft:wheat":1,"minecraft:birch_sapling":1,"minecraft:pointed_dripstone":9,"minecraft:rotten_flesh":4,"minecraft:oak_planks":1,"minecraft:carrot":6,"minecraft:poppy":5,"minecraft:gunpowder":2,"minecraft:ladder":3,"minecraft:arrow":11,"minecraft:crimson_planks":2,"minecraft:stone_hoe":1,"minecraft:golden_boots":1,"minecraft:bread":1,"minecraft:wheat_seeds":6,"minecraft:dripstone_block":35,"minecraft:poisonous_potato":2,"minecraft:feather":10,"minecraft:oak_fence":1,"minecraft:cobblestone":4,"minecraft:granite":14,"minecraft:stick":6,"minecraft:diorite":2,"minecraft:brown_wool":1,"minecraft:iron_leggings":1,"minecraft:iron_shovel":1,"minecraft:string":11,"minecraft:dandelion":3,"minecraft:redstone":55,"minecraft:raw_copper":20,"minecraft:tuff":6,"minecraft:chicken":2,"minecraft:iron_boots":1,"minecraft:oak_sign":1,"minecraft:cobblestone_slab":3,"minecraft:iron_chestplate":1,"minecraft:andesite":17,"minecraft:oak_boat":1,"minecraft:oak_sapling":14,"minecraft:birch_sign":2,"minecraft:spider_eye":4,"minecraft:bamboo":2,"minecraft:stone_pickaxe":1,"minecraft:bow":1,"minecraft:wooden_pickaxe":1},"minecraft:killed":{"minecraft:spider":6,"minecraft:skeleton":33,"minecraft:chicken":10,"minecraft:piglin":1,"minecraft:pig":12,"minecraft:iron_golem":4,"minecraft:creeper":2,"minecraft:sheep":6,"minecraft:zombie":15,"minecraft:ghast":1,"minecraft:cow":2,"minecraft:drowned":1},"minecraft:broken":{"minecraft:iron_shovel":2,"minecraft:stone_pickaxe":1,"minecraft:stone_axe":1,"minecraft:stone_hoe":1,"minecraft:shield":1,"minecraft:iron_axe":1},"minecraft:crafted":{"minecraft:oak_planks":420,"minecraft:cobblestone_slab":78,"minecraft:oak_sign":15,"minecraft:oak_pressure_plate":24,"minecraft:birch_boat":1,"minecraft:cooked_chicken":5,"minecraft:birch_slab":12,"minecraft:stone":7,"minecraft:lever":5,"minecraft:cooked_mutton":1,"minecraft:glass":122,"minecraft:diamond_helmet":1,"minecraft:diamond_leggings":2,"minecraft:iron_boots":1,"minecraft:birch_fence_gate":1,"minecraft:chest":2,"minecraft:rail":48,"minecraft:stone_hoe":2,"minecraft:oak_fence":33,"minecraft:golden_boots":1,"minecraft:smoker":1,"minecraft:oak_slab":48,"minecraft:deepslate":65,"minecraft:cauldron":4,"minecraft:cooked_porkchop":47,"minecraft:crafting_table":22,"minecraft:wooden_pickaxe":1,"minecraft:baked_potato":99,"minecraft:iron_helmet":1,"minecraft:birch_planks":120,"minecraft:iron_chestplate":1,"minecraft:book":1,"minecraft:paper":3,"minecraft:diamond_pickaxe":2,"minecraft:charcoal":12,"minecraft:shield":3,"minecraft:birch_fence":27,"minecraft:stick":252,"minecraft:iron_ingot":127,"minecraft:iron_pickaxe":2,"minecraft:gold_ingot":33,"minecraft:composter":3,"minecraft:shears":1,"minecraft:cobbled_deepslate_slab":144,"minecraft:fishing_rod":2,"minecraft:iron_nugget":9,"minecraft:furnace":9,"minecraft:bone_meal":9,"minecraft:polished_diorite":4,"minecraft:iron_axe":2,"minecraft:ladder":39,"minecraft:stone_pickaxe":1,"minecraft:diamond_boots":1,"minecraft:birch_sign":9,"minecraft:minecart":2,"minecraft:cooked_beef":11,"minecraft:cooked_cod":3,"minecraft:crimson_planks":12,"minecraft:diamond_sword":2,"minecraft:enchanting_table":1,"minecraft:powered_rail":18,"minecraft:iron_sword":1,"minecraft:bucket":3,"minecraft:stone_axe":1,"minecraft:air":0,"minecraft:oak_fence_gate":16,"minecraft:oak_boat":2,"minecraft:iron_shovel":2,"minecraft:iron_leggings":1,"minecraft:stonecutter":2,"minecraft:white_bed":12,"minecraft:torch":48,"minecraft:diamond_chestplate":2},"minecraft:picked_up":{"minecraft:iron_chestplate":1,"minecraft:wheat":8,"minecraft:crimson_planks":2,"minecraft:string":22,"minecraft:soul_soil":13,"minecraft:raw_copper":20,"minecraft:cooked_salmon":3,"minecraft:pufferfish":2,"minecraft:oak_sign":7,"minecraft:beetroot":1,"minecraft:cobbled_deepslate":1079,"minecraft:cobblestone_slab":28,"minecraft:furnace":13,"minecraft:stick":23,"minecraft:composter":2,"minecraft:oak_fence":2,"minecraft:torch":2,"minecraft:porkchop":23,"minecraft:pointed_dripstone":14,"minecraft:diorite":26,"minecraft:rotten_flesh":16,"minecraft:obsidian":10,"minecraft:cod":8,"minecraft:cobblestone":345,"minecraft:nautilus_shell":1,"minecraft:birch_log":47,"minecraft:enchanting_table":1,"minecraft:feather":11,"minecraft:birch_slab":3,"minecraft:water_bucket":1,"minecraft:andesite":17,"minecraft:brown_wool":1,"minecraft:smoker":3,"minecraft:potato":77,"minecraft:flint":1,"minecraft:tuff":10,"minecraft:dirt":564,"minecraft:lapis_lazuli":121,"minecraft:bone":31,"minecraft:bow":2,"minecraft:wheat_seeds":95,"minecraft:raw_gold":16,"minecraft:cobbled_deepslate_slab":25,"minecraft:bamboo":50,"minecraft:powered_rail":20,"minecraft:oak_planks":45,"minecraft:cooked_porkchop":5,"minecraft:oak_pressure_plate":4,"minecraft:poisonous_potato":2,"minecraft:sand":103,"minecraft:diamond":61,"minecraft:lever":6,"minecraft:cracked_polished_blackstone_bricks":5,"minecraft:granite":43,"minecraft:oak_sapling":20,"minecraft:netherrack":311,"minecraft:crimson_roots":1,"minecraft:charcoal":3,"minecraft:crafting_table":12,"minecraft:azure_bluet":1,"minecraft:chicken":9,"minecraft:ladder":4,"minecraft:wooden_pickaxe":2,"minecraft:iron_shovel":1,"minecraft:birch_fence":1,"minecraft:cartography_table":1,"minecraft:beef":4,"minecraft:oak_boat":16,"minecraft:poppy":5,"minecraft:minecart":4,"minecraft:sugar_cane":36,"minecraft:birch_sapling":2,"minecraft:egg":2,"minecraft:raw_iron":116,"minecraft:polished_blackstone_bricks":6,"minecraft:carrot":31,"minecraft:redstone":8,"minecraft:arrow":30,"minecraft:beetroot_seeds":5,"minecraft:mutton":8,"minecraft:bone_block":7,"minecraft:rail":46,"minecraft:white_wool":42,"minecraft:stripped_oak_log":3,"minecraft:crimson_stem":17,"minecraft:salmon":4,"minecraft:leather":2,"minecraft:birch_planks":16,"minecraft:oak_log":102,"minecraft:golden_boots":1,"minecraft:yellow_bed":4,"minecraft:gunpowder":4,"minecraft:apple":2,"minecraft:iron_ingot":78,"minecraft:oak_fence_gate":1,"minecraft:stone_pickaxe":2,"minecraft:iron_sword":1,"minecraft:book":1,"minecraft:oak_slab":12,"minecraft:quartz":15,"minecraft:dandelion":6,"minecraft:dripstone_block":35,"minecraft:gravel":10,"minecraft:white_bed":14,"minecraft:spider_eye":4,"minecraft:stone_axe":2,"minecraft:birch_sign":2,"minecraft:coal":111,"minecraft:hopper":2},"minecraft:used":{"minecraft:beetroot":1,"minecraft:iron_shovel":531,"minecraft:ladder":40,"minecraft:oak_sign":19,"minecraft:chest":2,"minecraft:shield":74,"minecraft:iron_sword":36,"minecraft:rotten_flesh":9,"minecraft:iron_chestplate":2,"minecraft:carrot":36,"minecraft:tuff":24,"minecraft:obsidian":6,"minecraft:glass":116,"minecraft:lava_bucket":15,"minecraft:iron_helmet":1,"minecraft:bow":2,"minecraft:oak_sapling":8,"minecraft:furnace":18,"minecraft:cooked_cod":3,"minecraft:egg":2,"minecraft:potato":39,"minecraft:golden_boots":1,"minecraft:diorite":19,"minecraft:powered_rail":20,"minecraft:stone_pickaxe":136,"minecraft:oak_planks":98,"minecraft:wooden_pickaxe":4,"minecraft:composter":5,"minecraft:sugar_cane":3,"minecraft:glow_berries":4,"minecraft:birch_fence":24,"minecraft:lever":6,"minecraft:birch_fence_gate":1,"minecraft:birch_slab":13,"minecraft:bread":7,"minecraft:oak_pressure_plate":24,"minecraft:deepslate":19,"minecraft:diamond_sword":253,"minecraft:birch_log":1,"minecraft:oak_boat":16,"minecraft:bone_meal":9,"minecraft:oak_fence":15,"minecraft:enchanting_table":2,"minecraft:stone_hoe":224,"minecraft:cooked_chicken":5,"minecraft:netherrack":152,"minecraft:torch":46,"minecraft:dirt":401,"minecraft:hopper":2,"minecraft:granite":29,"minecraft:oak_fence_gate":10,"minecraft:polished_diorite":4,"minecraft:iron_axe":278,"minecraft:iron_boots":1,"minecraft:bamboo":33,"minecraft:diamond_chestplate":1,"minecraft:minecart":6,"minecraft:cooked_beef":8,"minecraft:cobbled_deepslate":222,"minecraft:iron_leggings":1,"minecraft:pointed_dripstone":4,"minecraft:wheat_seeds":88,"minecraft:cooked_mutton":1,"minecraft:water_bucket":49,"minecraft:birch_planks":2,"minecraft:baked_potato":9,"minecraft:cartography_table":1,"minecraft:birch_boat":1,"minecraft:cauldron":4,"minecraft:stonecutter":2,"minecraft:cobblestone_slab":95,"minecraft:rail":58,"minecraft:oak_slab":39,"minecraft:crafting_table":34,"minecraft:birch_sign":10,"minecraft:white_bed":26,"minecraft:smoker":4,"minecraft:diamond_pickaxe":1318,"minecraft:apple":2,"minecraft:iron_pickaxe":296,"minecraft:stone_axe":84,"minecraft:fishing_rod":24,"minecraft:cobblestone":235,"minecraft:cobbled_deepslate_slab":139,"minecraft:cooked_porkchop":48,"minecraft:bucket":66,"minecraft:yellow_bed":4,"minecraft:diamond_leggings":1},"minecraft:mined":{"minecraft:white_bed":14,"minecraft:oak_sapling":1,"minecraft:obsidian":10,"minecraft:granite":42,"minecraft:cave_vines_plant":1,"minecraft:grass_block":208,"minecraft:cracked_polished_blackstone_bricks":5,"minecraft:soul_soil":13,"minecraft:composter":2,"minecraft:hopper":1,"minecraft:oak_wall_sign":4,"minecraft:polished_blackstone_bricks":6,"minecraft:tall_seagrass":1,"minecraft:cobbled_deepslate":13,"minecraft:iron_ore":37,"minecraft:fire":4,"minecraft:deepslate_lapis_ore":17,"minecraft:enchanting_table":1,"minecraft:pointed_dripstone":5,"minecraft:oak_sign":1,"minecraft:dirt_path":18,"minecraft:birch_wall_sign":1,"minecraft:deepslate_redstone_ore":2,"minecraft:smoker":4,"minecraft:soul_fire":3,"minecraft:blast_furnace":2,"minecraft:glass":26,"minecraft:nether_quartz_ore":15,"minecraft:cobblestone":44,"minecraft:oak_planks":59,"minecraft:sugar_cane":17,"minecraft:wall_torch":1,"minecraft:seagrass":1,"minecraft:powered_rail":4,"minecraft:wheat":50,"minecraft:birch_log":47,"minecraft:oak_log":86,"minecraft:beetroots":2,"minecraft:oak_fence_gate":2,"minecraft:sand":108,"minecraft:dirt":260,"minecraft:netherrack":286,"minecraft:oak_leaves":21,"minecraft:deepslate":537,"minecraft:tuff":23,"minecraft:deepslate_diamond_ore":63,"minecraft:lever":1,"minecraft:cobbled_deepslate_slab":24,"minecraft:crimson_roots":2,"minecraft:birch_slab":7,"minecraft:cartography_table":1,"minecraft:crimson_stem":17,"minecraft:furnace":18,"minecraft:carrots":19,"minecraft:andesite":17,"minecraft:potatoes":29,"minecraft:cobblestone_slab":35,"minecraft:deepslate_iron_ore":79,"minecraft:rail":22,"minecraft:stripped_oak_log":3,"minecraft:bamboo":4,"minecraft:stone":264,"minecraft:bone_block":8,"minecraft:oak_slab":26,"minecraft:oak_fence":1,"minecraft:crafting_table":13,"minecraft:short_grass":201,"minecraft:copper_ore":6,"minecraft:tall_grass":34,"minecraft:deepslate_gold_ore":16,"minecraft:diorite":28,"minecraft:yellow_bed":4,"minecraft:coal_ore":31,"minecraft:gravel":3,"minecraft:dripstone_block":43,"minecraft:birch_fence":1}},"DataVersion":3955}