{"stats":{"minecraft:used":{"minecraft:diamond_hoe":528,"minecraft:chest":8,"minecraft:shield":73,"minecraft:iron_sword":14,"minecraft:bell":1,"minecraft:cooked_chicken":2,"minecraft:netherrack":10,"minecraft:oak_door":2,"minecraft:torch":95,"minecraft:dirt":645,"minecraft:carrot":135,"minecraft:tuff":13,"minecraft:granite":13,"minecraft:wooden_axe":31,"minecraft:lava_bucket":7,"minecraft:iron_helmet":1,"minecraft:melon_seeds":3,"minecraft:bamboo":2,"minecraft:birch_trapdoor":3,"minecraft:glowstone":14,"minecraft:bow":1,"minecraft:furnace":8,"minecraft:oak_sapling":17,"minecraft:egg":1,"minecraft:potato":287,"minecraft:cobbled_deepslate":238,"minecraft:iron_leggings":1,"minecraft:pointed_dripstone":5,"minecraft:wheat_seeds":279,"minecraft:water_bucket":97,"minecraft:diorite":27,"minecraft:glass_bottle":1,"minecraft:stone_pickaxe":418,"minecraft:oak_planks":8,"minecraft:baked_potato":3,"minecraft:wooden_pickaxe":22,"minecraft:sugar_cane":64,"minecraft:diamond_axe":194,"minecraft:cauldron":4,"minecraft:fletching_table":4,"minecraft:sand":3,"minecraft:crafting_table":8,"minecraft:white_bed":1,"minecraft:pumpkin_seeds":3,"minecraft:diamond_pickaxe":727,"minecraft:diamond_shovel":655,"minecraft:bread":4,"minecraft:iron_pickaxe":703,"minecraft:lectern":22,"minecraft:deepslate":33,"minecraft:diamond_sword":188,"minecraft:wooden_sword":53,"minecraft:potion":1,"minecraft:cobblestone":274,"minecraft:porkchop":4,"minecraft:bucket":104,"minecraft:andesite":15,"minecraft:birch_log":1,"minecraft:yellow_bed":1,"minecraft:oak_boat":1,"minecraft:dandelion":3,"minecraft:bone_meal":36},"minecraft:killed_by":{"minecraft:player":18,"minecraft:creeper":3,"minecraft:spider":2,"minecraft:pillager":3,"minecraft:drowned":1,"minecraft:skeleton":5,"minecraft:zombie":4},"minecraft:mined":{"minecraft:tuff":19,"minecraft:white_bed":1,"minecraft:oak_sapling":2,"minecraft:farmland":19,"minecraft:deepslate_diamond_ore":87,"minecraft:obsidian":2,"minecraft:granite":15,"minecraft:grass_block":449,"minecraft:composter":2,"minecraft:spawner":1,"minecraft:redstone_ore":3,"minecraft:glowstone":30,"minecraft:furnace":5,"minecraft:carrots":64,"minecraft:fire":9,"minecraft:iron_ore":94,"minecraft:cobbled_deepslate":23,"minecraft:andesite":29,"minecraft:deepslate_lapis_ore":16,"minecraft:fletching_table":4,"minecraft:bell":1,"minecraft:potatoes":161,"minecraft:pointed_dripstone":9,"minecraft:deepslate_iron_ore":38,"minecraft:dirt_path":31,"minecraft:rail":27,"minecraft:stripped_oak_log":4,"minecraft:bamboo":1,"minecraft:stone":457,"minecraft:deepslate_redstone_ore":2,"minecraft:basalt":7,"minecraft:dandelion":7,"minecraft:crafting_table":7,"minecraft:torch":2,"minecraft:short_grass":527,"minecraft:poppy":1,"minecraft:melon":3,"minecraft:chest":3,"minecraft:lectern":21,"minecraft:tall_grass":79,"minecraft:copper_ore":10,"minecraft:cobblestone":49,"minecraft:lapis_ore":13,"minecraft:sugar_cane":55,"minecraft:oak_planks":8,"minecraft:diorite":50,"minecraft:wall_torch":1,"minecraft:cauldron":2,"minecraft:birch_log":22,"minecraft:wheat":70,"minecraft:birch_trapdoor":1,"minecraft:birch_leaves":4,"minecraft:yellow_bed":1,"minecraft:coal_ore":158,"minecraft:oak_log":83,"minecraft:dripstone_block":5,"minecraft:gravel":6,"minecraft:sand":16,"minecraft:dirt":132,"minecraft:netherrack":23,"minecraft:gold_ore":8,"minecraft:oak_leaves":35,"minecraft:deepslate":629,"minecraft:infested_deepslate":2},"minecraft:picked_up":{"minecraft:wooden_axe":7,"minecraft:crafting_table":9,"minecraft:iron_chestplate":1,"minecraft:wheat":59,"minecraft:chicken":11,"minecraft:string":13,"minecraft:raw_copper":30,"minecraft:cooked_salmon":2,"minecraft:wooden_sword":3,"minecraft:iron_leggings":1,"minecraft:gold_nugget":32,"minecraft:cobbled_deepslate":698,"minecraft:bucket":1,"minecraft:beef":15,"minecraft:oak_boat":1,"minecraft:poppy":1,"minecraft:iron_pickaxe":2,"minecraft:lectern":21,"minecraft:melon_slice":18,"minecraft:sugar_cane":70,"minecraft:chest":5,"minecraft:birch_sapling":6,"minecraft:furnace":5,"minecraft:iron_boots":1,"minecraft:diamond_hoe":1,"minecraft:egg":1,"minecraft:stick":14,"minecraft:raw_iron":147,"minecraft:oak_fence":1,"minecraft:birch_trapdoor":1,"minecraft:composter":2,"minecraft:torch":11,"minecraft:porkchop":19,"minecraft:pointed_dripstone":23,"minecraft:diorite":52,"minecraft:carrot":146,"minecraft:redstone":67,"minecraft:cauldron":2,"minecraft:stone_shovel":1,"minecraft:rotten_flesh":16,"minecraft:arrow":37,"minecraft:shears":1,"minecraft:gold_ingot":5,"minecraft:glow_berries":7,"minecraft:obsidian":2,"minecraft:rail":27,"minecraft:white_wool":7,"minecraft:cobblestone":691,"minecraft:stripped_oak_log":4,"minecraft:birch_log":34,"minecraft:feather":4,"minecraft:basalt":6,"minecraft:andesite":29,"minecraft:leather":11,"minecraft:potato":416,"minecraft:birch_planks":117,"minecraft:flint":9,"minecraft:tuff":19,"minecraft:oak_log":86,"minecraft:yellow_bed":1,"minecraft:gunpowder":6,"minecraft:lapis_lazuli":202,"minecraft:dirt":781,"minecraft:bone":46,"minecraft:apple":1,"minecraft:bow":4,"minecraft:wheat_seeds":296,"minecraft:raw_gold":8,"minecraft:cobbled_deepslate_slab":64,"minecraft:bell":1,"minecraft:stone_pickaxe":4,"minecraft:iron_ingot":16,"minecraft:bamboo":9,"minecraft:fletching_table":4,"minecraft:glass_bottle":1,"minecraft:glowstone_dust":84,"minecraft:oak_planks":32,"minecraft:dandelion":22,"minecraft:poisonous_potato":3,"minecraft:dripstone_block":5,"minecraft:gravel":26,"minecraft:sand":3,"minecraft:white_bed":1,"minecraft:spider_eye":9,"minecraft:leather_helmet":1,"minecraft:diamond":88,"minecraft:granite":15,"minecraft:bread":1,"minecraft:baked_potato":8,"minecraft:oak_sapling":17,"minecraft:netherrack":23,"minecraft:coal":178},"minecraft:crafted":{"minecraft:wooden_sword":1,"minecraft:oak_door":3,"minecraft:oak_planks":296,"minecraft:diamond_hoe":1,"minecraft:cooked_chicken":2,"minecraft:furnace":5,"minecraft:bone_meal":36,"minecraft:diamond_shovel":1,"minecraft:bookshelf":3,"minecraft:oak_trapdoor":2,"minecraft:glass":28,"minecraft:hopper":1,"minecraft:iron_boots":2,"minecraft:stone_pickaxe":4,"minecraft:chest":6,"minecraft:golden_boots":1,"minecraft:oak_slab":18,"minecraft:diamond_sword":2,"minecraft:emerald":10,"minecraft:cauldron":2,"minecraft:cooked_porkchop":10,"minecraft:diamond_axe":1,"minecraft:crafting_table":2,"minecraft:baked_potato":11,"minecraft:wooden_pickaxe":1,"minecraft:iron_helmet":2,"minecraft:iron_sword":1,"minecraft:fletching_table":4,"minecraft:birch_planks":60,"minecraft:bucket":2,"minecraft:enchanted_book":1,"minecraft:glowstone":21,"minecraft:air":0,"minecraft:lectern":3,"minecraft:book":9,"minecraft:iron_chestplate":1,"minecraft:paper":75,"minecraft:diamond_pickaxe":2,"minecraft:shield":4,"minecraft:stick":312,"minecraft:iron_pickaxe":5,"minecraft:birch_trapdoor":2,"minecraft:iron_ingot":79,"minecraft:wooden_axe":2,"minecraft:gold_ingot":14,"minecraft:iron_leggings":2,"minecraft:torch":96,"minecraft:shears":1,"minecraft:diamond_chestplate":2},"minecraft:custom":{"minecraft:mob_kills":71,"minecraft:interact_with_crafting_table":104,"minecraft:bell_ring":15,"minecraft:leave_game":5,"minecraft:time_since_death":33808,"minecraft:climb_one_cm":12093,"minecraft:sprint_one_cm":647081,"minecraft:walk_one_cm":1538169,"minecraft:damage_blocked_by_shield":5544,"minecraft:drop":68,"minecraft:talked_to_villager":43,"minecraft:play_time":319657,"minecraft:deaths":46,"minecraft:sneak_time":30836,"minecraft:walk_under_water_one_cm":20816,"minecraft:boat_one_cm":22518,"minecraft:jump":4274,"minecraft:interact_with_blast_furnace":9,"minecraft:walk_on_water_one_cm":65345,"minecraft:enchant_item":7,"minecraft:total_world_time":319657,"minecraft:interact_with_furnace":89,"minecraft:traded_with_villager":11,"minecraft:sleep_in_bed":12,"minecraft:time_since_rest":33843,"minecraft:damage_taken":12946,"minecraft:damage_dealt":13694,"minecraft:swim_one_cm":33350,"minecraft:fly_one_cm":595517,"minecraft:player_kills":9,"minecraft:open_chest":66,"minecraft:crouch_one_cm":73232,"minecraft:interact_with_smoker":10,"minecraft:fall_one_cm":118075},"minecraft:broken":{"minecraft:iron_boots":1,"minecraft:stone_pickaxe":2,"minecraft:shield":1,"minecraft:wooden_sword":1,"minecraft:iron_pickaxe":2,"minecraft:iron_helmet":1,"minecraft:bow":1},"minecraft:killed":{"minecraft:witch":2,"minecraft:spider":6,"minecraft:skeleton":18,"minecraft:chicken":5,"minecraft:drowned":2,"minecraft:pig":8,"minecraft:creeper":1,"minecraft:squid":1,"minecraft:sheep":1,"minecraft:pillager":2,"minecraft:zombie":16,"minecraft:cow":8},"minecraft:dropped":{"minecraft:birch_planks":1,"minecraft:oak_log":16,"minecraft:glass_bottle":1,"minecraft:diamond":2,"minecraft:dripstone_block":5,"minecraft:feather":2,"minecraft:cobblestone":11,"minecraft:rail":2,"minecraft:coal":36,"minecraft:flint":1,"minecraft:dirt":14,"minecraft:torch":1,"minecraft:wooden_axe":1,"minecraft:iron_pickaxe":3,"minecraft:string":4,"minecraft:dandelion":18,"minecraft:oak_door":1,"minecraft:gravel":5,"minecraft:sugar_cane":1,"minecraft:oak_trapdoor":2,"minecraft:birch_sapling":3,"minecraft:raw_iron":7,"minecraft:rotten_flesh":8,"minecraft:oak_planks":11,"minecraft:shield":1,"minecraft:gunpowder":6,"minecraft:andesite":16,"minecraft:hopper":1,"minecraft:spider_eye":7,"minecraft:wooden_pickaxe":1,"minecraft:bow":3,"minecraft:arrow":5,"minecraft:stone_pickaxe":2}},"DataVersion":3955}