{"stats":{"minecraft:used":{"minecraft:enchanting_table":1,"minecraft:diamond_hoe":621,"minecraft:chest":10,"minecraft:shield":73,"minecraft:iron_sword":14,"minecraft:bell":1,"minecraft:cooked_chicken":2,"minecraft:netherrack":10,"minecraft:oak_door":2,"minecraft:torch":96,"minecraft:dirt":656,"minecraft:obsidian":1,"minecraft:carrot":231,"minecraft:tuff":13,"minecraft:granite":13,"minecraft:wooden_axe":31,"minecraft:bookshelf":3,"minecraft:lava_bucket":7,"minecraft:iron_helmet":1,"minecraft:basalt":39,"minecraft:melon_seeds":3,"minecraft:bamboo":2,"minecraft:birch_trapdoor":3,"minecraft:glowstone":14,"minecraft:bow":1,"minecraft:furnace":8,"minecraft:oak_sapling":17,"minecraft:egg":1,"minecraft:cooked_beef":2,"minecraft:potato":482,"minecraft:cobbled_deepslate":238,"minecraft:iron_leggings":1,"minecraft:pointed_dripstone":5,"minecraft:wheat_seeds":470,"minecraft:water_bucket":97,"minecraft:diorite":27,"minecraft:glass_bottle":1,"minecraft:stone_pickaxe":418,"minecraft:oak_planks":8,"minecraft:baked_potato":3,"minecraft:wooden_pickaxe":22,"minecraft:sugar_cane":88,"minecraft:diamond_axe":360,"minecraft:cauldron":4,"minecraft:fletching_table":4,"minecraft:sand":3,"minecraft:crafting_table":8,"minecraft:white_bed":2,"minecraft:pumpkin_seeds":3,"minecraft:diamond_pickaxe":781,"minecraft:diamond_shovel":667,"minecraft:bread":4,"minecraft:iron_pickaxe":703,"minecraft:lectern":32,"minecraft:deepslate":33,"minecraft:diamond_sword":188,"minecraft:wooden_sword":53,"minecraft:potion":1,"minecraft:cobblestone":275,"minecraft:porkchop":4,"minecraft:bucket":104,"minecraft:andesite":15,"minecraft:birch_log":1,"minecraft:yellow_bed":2,"minecraft:oak_boat":1,"minecraft:dandelion":3,"minecraft:bone_meal":36},"minecraft:killed_by":{"minecraft:player":22,"minecraft:creeper":3,"minecraft:spider":2,"minecraft:pillager":3,"minecraft:drowned":1,"minecraft:skeleton":6,"minecraft:zombie":4},"minecraft:mined":{"minecraft:tuff":19,"minecraft:white_bed":2,"minecraft:oak_sapling":2,"minecraft:farmland":29,"minecraft:deepslate_diamond_ore":87,"minecraft:obsidian":3,"minecraft:granite":15,"minecraft:grass_block":449,"minecraft:composter":2,"minecraft:spawner":1,"minecraft:redstone_ore":3,"minecraft:glowstone":30,"minecraft:furnace":5,"minecraft:carrots":160,"minecraft:fire":9,"minecraft:iron_ore":94,"minecraft:cobbled_deepslate":23,"minecraft:andesite":29,"minecraft:deepslate_lapis_ore":16,"minecraft:fletching_table":4,"minecraft:enchanting_table":1,"minecraft:bell":1,"minecraft:potatoes":325,"minecraft:pointed_dripstone":9,"minecraft:deepslate_iron_ore":38,"minecraft:dirt_path":31,"minecraft:rail":27,"minecraft:stripped_oak_log":4,"minecraft:bamboo":1,"minecraft:stone":457,"minecraft:deepslate_redstone_ore":2,"minecraft:basalt":58,"minecraft:dandelion":7,"minecraft:crafting_table":7,"minecraft:torch":2,"minecraft:short_grass":531,"minecraft:poppy":1,"minecraft:melon":3,"minecraft:chest":3,"minecraft:lectern":29,"minecraft:tall_grass":79,"minecraft:copper_ore":10,"minecraft:cobblestone":50,"minecraft:lapis_ore":13,"minecraft:sugar_cane":137,"minecraft:oak_planks":8,"minecraft:diorite":50,"minecraft:wall_torch":4,"minecraft:cauldron":2,"minecraft:birch_log":29,"minecraft:wheat":290,"minecraft:birch_trapdoor":1,"minecraft:birch_leaves":4,"minecraft:yellow_bed":3,"minecraft:coal_ore":158,"minecraft:oak_log":184,"minecraft:sand":16,"minecraft:gravel":6,"minecraft:dripstone_block":5,"minecraft:dirt":135,"minecraft:netherrack":23,"minecraft:gold_ore":8,"minecraft:oak_leaves":49,"minecraft:deepslate":629,"minecraft:infested_deepslate":2},"minecraft:picked_up":{"minecraft:wooden_axe":7,"minecraft:crafting_table":9,"minecraft:iron_chestplate":1,"minecraft:wheat":271,"minecraft:chicken":11,"minecraft:string":13,"minecraft:raw_copper":30,"minecraft:cooked_salmon":2,"minecraft:wooden_sword":3,"minecraft:iron_leggings":1,"minecraft:gold_nugget":32,"minecraft:cobbled_deepslate":698,"minecraft:bucket":1,"minecraft:beef":31,"minecraft:oak_boat":1,"minecraft:poppy":1,"minecraft:iron_pickaxe":2,"minecraft:lectern":29,"minecraft:melon_slice":18,"minecraft:sugar_cane":178,"minecraft:chest":5,"minecraft:birch_sapling":6,"minecraft:furnace":5,"minecraft:iron_boots":1,"minecraft:diamond_hoe":1,"minecraft:egg":1,"minecraft:stick":14,"minecraft:raw_iron":147,"minecraft:oak_fence":1,"minecraft:birch_trapdoor":1,"minecraft:composter":2,"minecraft:torch":14,"minecraft:porkchop":25,"minecraft:pointed_dripstone":23,"minecraft:diorite":52,"minecraft:carrot":506,"minecraft:redstone":67,"minecraft:cauldron":2,"minecraft:stone_shovel":1,"minecraft:rotten_flesh":16,"minecraft:arrow":37,"minecraft:shears":1,"minecraft:gold_ingot":5,"minecraft:enchanting_table":1,"minecraft:glow_berries":7,"minecraft:obsidian":3,"minecraft:rail":27,"minecraft:white_wool":7,"minecraft:cobblestone":692,"minecraft:stripped_oak_log":4,"minecraft:birch_log":41,"minecraft:cooked_beef":2,"minecraft:feather":4,"minecraft:basalt":53,"minecraft:andesite":29,"minecraft:leather":21,"minecraft:potato":998,"minecraft:birch_planks":117,"minecraft:flint":9,"minecraft:tuff":19,"minecraft:oak_log":183,"minecraft:yellow_bed":2,"minecraft:gunpowder":6,"minecraft:lapis_lazuli":202,"minecraft:dirt":794,"minecraft:bone":46,"minecraft:apple":1,"minecraft:bow":4,"minecraft:wheat_seeds":892,"minecraft:raw_gold":8,"minecraft:cobbled_deepslate_slab":64,"minecraft:bell":1,"minecraft:stone_pickaxe":4,"minecraft:iron_ingot":16,"minecraft:bamboo":9,"minecraft:fletching_table":4,"minecraft:glass_bottle":1,"minecraft:glowstone_dust":84,"minecraft:oak_planks":32,"minecraft:dandelion":22,"minecraft:poisonous_potato":4,"minecraft:dripstone_block":5,"minecraft:gravel":26,"minecraft:sand":3,"minecraft:white_bed":3,"minecraft:spider_eye":9,"minecraft:leather_helmet":1,"minecraft:diamond":93,"minecraft:granite":15,"minecraft:bread":1,"minecraft:baked_potato":8,"minecraft:oak_sapling":17,"minecraft:netherrack":23,"minecraft:coal":178},"minecraft:crafted":{"minecraft:wooden_sword":1,"minecraft:oak_door":3,"minecraft:oak_planks":684,"minecraft:diamond_hoe":1,"minecraft:cooked_chicken":2,"minecraft:furnace":5,"minecraft:bone_meal":36,"minecraft:diamond_shovel":1,"minecraft:bookshelf":6,"minecraft:oak_trapdoor":2,"minecraft:glass":28,"minecraft:hopper":1,"minecraft:diamond_leggings":1,"minecraft:iron_boots":2,"minecraft:stone_pickaxe":4,"minecraft:diamond_boots":1,"minecraft:chest":6,"minecraft:golden_boots":1,"minecraft:oak_slab":18,"minecraft:diamond_sword":2,"minecraft:emerald":30,"minecraft:cauldron":2,"minecraft:cooked_porkchop":10,"minecraft:diamond_axe":1,"minecraft:crafting_table":2,"minecraft:baked_potato":11,"minecraft:wooden_pickaxe":1,"minecraft:iron_helmet":2,"minecraft:iron_sword":1,"minecraft:fletching_table":4,"minecraft:birch_planks":60,"minecraft:bucket":2,"minecraft:enchanted_book":2,"minecraft:glowstone":21,"minecraft:air":0,"minecraft:lectern":3,"minecraft:book":19,"minecraft:iron_chestplate":1,"minecraft:paper":240,"minecraft:diamond_pickaxe":4,"minecraft:shield":4,"minecraft:stick":1024,"minecraft:iron_pickaxe":5,"minecraft:birch_trapdoor":2,"minecraft:iron_ingot":79,"minecraft:wooden_axe":2,"minecraft:gold_ingot":14,"minecraft:iron_leggings":2,"minecraft:torch":96,"minecraft:shears":1,"minecraft:diamond_chestplate":2},"minecraft:custom":{"minecraft:mob_kills":83,"minecraft:interact_with_crafting_table":115,"minecraft:bell_ring":15,"minecraft:leave_game":6,"minecraft:time_since_death":227,"minecraft:climb_one_cm":20594,"minecraft:sprint_one_cm":708455,"minecraft:walk_one_cm":1811554,"minecraft:damage_blocked_by_shield":5544,"minecraft:drop":69,"minecraft:talked_to_villager":90,"minecraft:play_time":377752,"minecraft:deaths":53,"minecraft:sneak_time":32530,"minecraft:walk_under_water_one_cm":21516,"minecraft:boat_one_cm":22518,"minecraft:jump":4858,"minecraft:interact_with_blast_furnace":9,"minecraft:walk_on_water_one_cm":71957,"minecraft:enchant_item":8,"minecraft:total_world_time":377752,"minecraft:interact_with_furnace":90,"minecraft:traded_with_villager":32,"minecraft:interact_with_grindstone":3,"minecraft:sleep_in_bed":16,"minecraft:time_since_rest":257,"minecraft:damage_taken":14933,"minecraft:damage_dealt":14889,"minecraft:swim_one_cm":35514,"minecraft:fly_one_cm":671468,"minecraft:player_kills":9,"minecraft:open_chest":90,"minecraft:crouch_one_cm":78543,"minecraft:interact_with_smoker":10,"minecraft:fall_one_cm":136246},"minecraft:broken":{"minecraft:iron_boots":1,"minecraft:iron_leggings":1,"minecraft:stone_pickaxe":2,"minecraft:shield":1,"minecraft:wooden_sword":1,"minecraft:iron_pickaxe":2,"minecraft:iron_helmet":1,"minecraft:bow":1},"minecraft:killed":{"minecraft:witch":2,"minecraft:spider":6,"minecraft:skeleton":18,"minecraft:chicken":5,"minecraft:drowned":2,"minecraft:pig":12,"minecraft:creeper":1,"minecraft:squid":1,"minecraft:sheep":1,"minecraft:pillager":2,"minecraft:zombie":17,"minecraft:cow":15},"minecraft:dropped":{"minecraft:birch_planks":1,"minecraft:oak_log":16,"minecraft:glass_bottle":1,"minecraft:diamond":2,"minecraft:dripstone_block":5,"minecraft:feather":2,"minecraft:cobblestone":11,"minecraft:rail":2,"minecraft:coal":36,"minecraft:flint":1,"minecraft:dirt":14,"minecraft:torch":1,"minecraft:wooden_axe":1,"minecraft:iron_pickaxe":3,"minecraft:string":4,"minecraft:dandelion":18,"minecraft:oak_door":1,"minecraft:gravel":5,"minecraft:sugar_cane":1,"minecraft:oak_trapdoor":2,"minecraft:birch_sapling":3,"minecraft:raw_iron":7,"minecraft:rotten_flesh":8,"minecraft:oak_planks":11,"minecraft:diamond_shovel":1,"minecraft:shield":1,"minecraft:gunpowder":6,"minecraft:andesite":16,"minecraft:hopper":1,"minecraft:spider_eye":7,"minecraft:wooden_pickaxe":1,"minecraft:bow":3,"minecraft:arrow":5,"minecraft:stone_pickaxe":2}},"DataVersion":3955}